current_time,weather,temp,humidity
2025-08-11 06:45:16,Clouds,28.76,74
2025-08-11 07:01:18,Clouds,28.76,74
2025-08-11 07:32:14,Clouds,29.76,66
2025-08-11 07:47:44,Clouds,29.76,66
2025-08-11 07:56:06,Clouds,29.76,66
2025-08-11 08:24:11,Clouds,29.76,66
2025-08-11 08:49:42,Clouds,29.76,66
2025-08-11 09:13:22,Clouds,27.76,74
2025-08-11 09:41:12,Clouds,27.76,74
2025-08-11 09:54:15,Clouds,27.76,74
2025-08-11 10:13:31,Clouds,27.13,72
2025-08-11 10:41:57,Clouds,27.76,78
2025-08-11 10:54:44,Clouds,27.76,78
2025-08-11 11:12:19,Clouds,25.89,79
2025-08-11 11:29:44,Clouds,26.76,83
2025-08-11 11:42:35,Clouds,26.76,83
2025-08-11 11:50:54,Clouds,26.76,83
2025-08-11 11:58:44,Clouds,26.76,83
2025-08-11 12:49:50,Clear,24.76,88
2025-08-11 13:28:51,Clear,24.76,88
2025-08-11 13:55:52,Clear,24.76,88
2025-08-11 14:17:47,Clear,23.41,88
2025-08-11 14:43:18,Clear,24.76,88
2025-08-11 14:56:06,Clear,24.76,88
2025-08-11 15:17:49,Clear,22.91,89
2025-08-11 15:40:02,Clear,23.76,100
2025-08-11 15:53:02,Clear,23.76,100
2025-08-11 16:11:35,Clear,23.76,100
2025-08-11 16:43:30,Clouds,22.76,100
2025-08-11 16:59:24,Clouds,22.76,100
2025-08-11 17:23:38,Clear,22.76,100
2025-08-11 17:42:06,Mist,22.76,100
2025-08-11 17:52:59,Mist,22.76,100
2025-08-11 18:13:00,Mist,22.76,100
2025-08-11 18:47:19,Mist,22.76,100
2025-08-11 19:01:04,Mist,22.76,100
2025-08-11 19:23:48,Clear,20.76,100
2025-08-11 19:35:59,Mist,20.76,100
2025-08-11 19:45:22,Mist,20.76,100
2025-08-11 19:53:09,Mist,20.76,100
2025-08-11 20:10:11,Clear,20.76,100
2025-08-11 20:31:38,Clear,20.76,100
2025-08-11 20:45:03,Mist,20.76,100
2025-08-11 20:53:20,Mist,20.76,100
2025-08-11 21:09:28,Mist,20.76,100
2025-08-11 21:27:46,Clear,20.76,100
2025-08-11 21:39:23,Mist,20.76,100
2025-08-11 21:47:33,Mist,20.76,100
2025-08-11 21:55:18,Mist,20.76,100
2025-08-11 22:13:22,Clear,22.9,96
2025-08-11 22:34:49,Mist,23.76,100
2025-08-11 22:47:23,Mist,23.76,100
2025-08-11 22:55:04,Mist,23.76,100
2025-08-11 23:12:41,Mist,26.76,78
2025-08-11 23:30:07,Mist,26.76,78
2025-08-11 23:42:04,Mist,26.76,78
2025-08-11 23:49:54,Mist,26.76,78
2025-08-11 23:57:31,Mist,26.76,78
2025-08-12 01:27:53,Clear,29.76,54
2025-08-12 03:05:08,Clear,30.76,51
2025-08-12 03:53:34,Clear,31.76,48
2025-08-12 04:18:27,Clouds,30.73,50
2025-08-12 04:44:47,Clouds,32.76,43
2025-08-12 04:57:57,Clouds,32.76,43
2025-08-12 05:19:49,Clouds,32.78,38
2025-08-12 05:39:24,Clouds,32.76,46
2025-08-12 05:50:17,Clouds,32.76,46
2025-08-12 05:58:11,Clouds,32.76,46
2025-08-12 06:32:15,Clouds,33.76,43
2025-08-12 06:54:44,Clouds,33.76,43
2025-08-12 07:14:08,Clear,32.37,45
2025-08-12 07:32:41,Clear,34.76,34
2025-08-12 07:44:11,Clear,34.76,34
2025-08-12 07:51:59,Clear,34.76,34
2025-08-12 07:59:19,Clear,34.76,34
2025-08-12 08:31:43,Clear,33.76,40
2025-08-12 08:53:03,Clear,33.76,40
2025-08-12 09:11:26,Clear,33.76,40
2025-08-12 09:34:42,Clear,31.76,45
2025-08-12 09:47:35,Clear,31.76,45
2025-08-12 09:55:24,Clear,31.76,45
2025-08-12 10:15:27,Clouds,30.06,53
2025-08-12 10:41:51,Clear,30.76,55
2025-08-12 10:53:33,Clear,30.76,55
2025-08-12 11:09:01,Clouds,28.79,61
2025-08-12 11:27:18,Clouds,28.79,61
2025-08-12 11:39:09,Clear,28.76,61
2025-08-12 11:47:22,Clear,28.76,61
2025-08-12 11:55:10,Clear,28.76,61
2025-08-12 12:27:49,Clear,27.76,65
2025-08-12 13:09:07,Clear,27.76,65
2025-08-12 13:44:47,Clear,26.76,74
2025-08-12 13:57:04,Clear,26.76,74
2025-08-12 14:18:07,Clouds,25.94,77
2025-08-12 14:40:48,Clear,25.76,78
2025-08-12 14:53:43,Clear,25.76,78
2025-08-12 15:11:14,Clouds,25.68,79
2025-08-12 15:34:03,Clear,25.76,83
2025-08-12 15:48:06,Clear,25.76,83
2025-08-12 15:57:32,Clear,25.76,83
2025-08-12 16:24:40,Clouds,25.49,81
2025-08-12 16:48:07,Clouds,26.76,78
2025-08-12 17:00:15,Clouds,26.76,78
2025-08-12 17:24:20,Clouds,23.76,100
2025-08-12 17:41:23,Clouds,23.76,100
2025-08-12 17:51:57,Clouds,23.76,100
2025-08-12 17:59:47,Clouds,23.76,100
2025-08-12 18:36:33,Clouds,24.76,100
2025-08-12 18:56:13,Clouds,24.76,100
2025-08-12 19:13:21,Clouds,24.76,100
2025-08-12 19:27:41,Clouds,24.76,100
2025-08-12 19:37:57,Clouds,24.76,100
2025-08-12 19:45:47,Clouds,24.76,100
2025-08-12 19:53:23,Rain,24.76,100
2025-08-12 20:10:46,Rain,24.76,100
2025-08-12 20:34:03,Thunderstorm,23.76,100
2025-08-12 20:47:35,Thunderstorm,23.76,100
2025-08-12 20:55:54,Thunderstorm,23.76,100
2025-08-12 21:14:34,Thunderstorm,23.76,100
2025-08-12 21:32:04,Thunderstorm,23.76,100
2025-08-12 21:43:57,Rain,23.76,100
2025-08-12 21:51:51,Rain,23.76,100
2025-08-12 21:59:39,Rain,23.76,100
2025-08-12 22:22:51,Rain,23.76,100
2025-08-12 22:39:47,Rain,23.76,100
2025-08-12 22:49:49,Rain,23.76,100
2025-08-12 22:57:37,Rain,23.76,100
2025-08-12 23:18:22,Rain,23.76,100
2025-08-12 23:32:51,Rain,24.76,100
2025-08-12 23:44:12,Rain,24.76,100
2025-08-12 23:52:00,Rain,24.76,100
2025-08-12 23:59:25,Rain,24.76,100
2025-08-13 01:57:48,Rain,22.76,100
2025-08-13 03:19:40,Clouds,23.76,100
2025-08-13 04:00:45,Clouds,23.76,100
2025-08-13 04:36:41,Rain,27.76,100
2025-08-13 04:55:09,Rain,27.76,100
2025-08-13 05:15:13,Rain,27.76,100
2025-08-13 05:38:11,Rain,27.76,100
2025-08-13 05:50:29,Rain,27.76,100
2025-08-13 05:58:11,Rain,27.76,100
2025-08-13 06:32:18,Rain,26.76,100
2025-08-13 06:55:13,Clouds,26.76,100
2025-08-13 07:15:33,Rain,26.78,94
2025-08-13 07:33:44,Rain,26.76,100
2025-08-13 07:45:31,Rain,26.76,100
2025-08-13 07:53:22,Rain,26.76,100
2025-08-13 08:13:49,Rain,27.33,97
2025-08-13 08:43:54,Clouds,27.76,100
2025-08-13 08:59:45,Rain,26.76,100
2025-08-13 09:27:42,Rain,25.76,100
2025-08-13 09:44:49,Rain,25.76,100
2025-08-13 09:54:11,Rain,25.76,100
2025-08-13 10:12:41,Rain,24.76,100
2025-08-13 10:38:52,Rain,23.76,100
2025-08-13 10:52:19,Rain,23.76,100
2025-08-13 10:59:58,Rain,23.76,100
2025-08-13 11:22:30,Rain,24.76,100
2025-08-13 11:35:12,Rain,24.76,100
2025-08-13 11:45:47,Rain,24.76,100
2025-08-13 11:53:44,Rain,24.76,100
2025-08-13 12:20:14,Clouds,23.76,100
2025-08-13 13:06:02,Mist,23.76,100
2025-08-13 13:45:09,Clouds,23.76,100
2025-08-13 13:58:02,Rain,23.76,100
2025-08-13 14:20:48,Clouds,25.29,97
2025-08-13 14:42:16,Clouds,24.76,100
2025-08-13 14:54:53,Clouds,24.76,100
2025-08-13 15:11:11,Clouds,24.76,100
2025-08-13 15:30:42,Clouds,24.76,100
2025-08-13 15:41:30,Clouds,24.76,100
2025-08-13 15:49:20,Clouds,24.76,100
2025-08-13 15:56:39,Clouds,24.76,100
2025-08-13 16:17:48,Clouds,24.76,100
2025-08-13 16:40:36,Clouds,24.76,100
2025-08-13 16:52:23,Clouds,24.76,100
2025-08-13 16:59:49,Clouds,24.76,100
2025-08-13 17:19:24,Rain,25.59,98
2025-08-13 17:33:04,Rain,24.76,100
2025-08-13 17:42:38,Clouds,24.76,100
2025-08-13 17:50:10,Clouds,24.76,100
2025-08-13 17:57:44,Rain,24.76,100
2025-08-13 18:28:07,Rain,24.76,100
2025-08-13 18:51:31,Rain,23.76,100
2025-08-13 19:00:31,Rain,23.76,100
2025-08-13 19:21:23,Rain,23.76,100
2025-08-13 19:31:13,Rain,23.76,100
2025-08-13 19:41:53,Rain,23.76,100
2025-08-13 19:49:19,Rain,23.76,100
2025-08-13 19:56:51,Rain,23.76,100
2025-08-13 20:19:14,Rain,23.76,100
2025-08-13 20:38:28,Rain,23.76,100
2025-08-13 20:49:16,Rain,23.76,100
2025-08-13 20:57:06,Rain,23.76,100
2025-08-13 21:16:41,Mist,23.78,100
2025-08-13 21:32:16,Rain,23.76,100
2025-08-13 21:44:02,Rain,23.76,100
2025-08-13 21:51:46,Rain,23.76,100
2025-08-13 21:59:27,Rain,23.76,100
2025-08-13 22:22:28,Rain,23.76,100
2025-08-13 22:38:49,Rain,23.76,100
2025-08-13 22:48:39,Rain,23.76,100
2025-08-13 22:56:31,Rain,23.76,100
2025-08-13 23:15:46,Rain,23.76,100
2025-08-13 23:32:27,Rain,24.76,94
2025-08-13 23:44:05,Rain,24.76,94
2025-08-13 23:51:58,Rain,24.76,94
2025-08-13 23:59:38,Rain,24.76,94
2025-08-14 02:00:43,Mist,25.76,94
2025-08-14 03:23:41,Rain,27,96
2025-08-14 04:01:56,Clouds,26.76,100
2025-08-14 04:37:07,Clouds,26.76,100
2025-08-14 04:55:13,Clouds,26.76,100
2025-08-14 05:15:17,Clouds,30.09,88
2025-08-14 05:37:33,Clouds,25.76,100
2025-08-14 05:49:52,Clouds,25.76,100
2025-08-14 05:57:43,Clouds,25.76,100
2025-08-14 06:30:38,Clouds,26.76,100
2025-08-14 06:55:16,Clouds,26.76,100
2025-08-14 07:15:49,Clouds,27.78,83
2025-08-14 07:33:44,Clouds,27.76,94
2025-08-14 07:44:57,Clouds,27.76,94
2025-08-14 07:52:45,Clouds,27.76,94
2025-08-14 08:00:07,Clouds,27.76,94
2025-08-14 08:35:22,Clouds,26.76,94
2025-08-14 08:55:12,Clouds,26.76,94
2025-08-14 09:16:41,Clouds,26.76,94
2025-08-14 09:39:21,Clouds,26.76,94
2025-08-14 09:51:32,Clouds,26.76,94
2025-08-14 09:59:04,Clouds,26.76,94
2025-08-14 10:25:57,Clouds,25.76,100
2025-08-14 10:45:46,Clouds,25.76,100
2025-08-14 10:55:50,Clouds,25.76,100
2025-08-14 11:13:33,Clouds,25.57,92
2025-08-14 11:30:04,Clouds,24.76,100
2025-08-14 11:42:40,Clouds,24.76,100
2025-08-14 11:50:19,Clouds,24.76,100
2025-08-14 11:58:08,Clouds,24.76,100
2025-08-14 12:43:52,Clouds,24.76,100
2025-08-14 13:24:17,Clouds,24.76,100
2025-08-14 13:50:40,Clouds,24.76,100
2025-08-14 13:59:47,Clouds,24.76,100
2025-08-14 14:24:41,Clouds,24.76,100
2025-08-14 14:43:10,Clouds,24.76,100
2025-08-14 14:54:27,Clouds,24.76,100
2025-08-14 15:12:54,Clouds,24.76,100
2025-08-14 15:34:47,Clouds,24.76,100
2025-08-14 15:48:52,Clouds,24.76,100
2025-08-14 15:57:47,Clouds,24.76,100
2025-08-14 16:26:37,Clouds,24.76,100
2025-08-14 16:48:22,Clouds,24.76,100
2025-08-14 16:59:14,Clouds,24.76,100
2025-08-14 17:20:46,Clouds,23.76,100
2025-08-14 17:38:57,Clouds,23.76,100
2025-08-14 17:48:56,Clouds,23.76,100
2025-08-14 17:56:24,Clouds,23.76,100
2025-08-14 18:24:03,Clouds,23.76,100
2025-08-14 18:49:54,Clouds,23.76,100
2025-08-14 19:00:54,Clouds,23.76,100
2025-08-14 19:21:15,Clouds,23.76,100
2025-08-14 19:29:00,Clouds,23.76,100
2025-08-14 19:37:55,Clouds,23.76,100
2025-08-14 19:45:42,Clouds,23.76,100
2025-08-14 19:53:29,Clouds,23.76,100
2025-08-14 20:11:33,Clouds,23.88,99
2025-08-14 20:33:57,Clouds,22.76,100
2025-08-14 20:47:25,Clouds,22.76,100
2025-08-14 20:55:48,Clouds,22.76,100
2025-08-14 21:14:01,Clouds,22.76,100
2025-08-14 21:31:14,Clouds,23.76,100
2025-08-14 21:43:40,Clouds,23.76,100
2025-08-14 21:51:26,Clouds,23.76,100
2025-08-14 21:59:23,Clouds,23.76,100
2025-08-14 22:22:22,Clouds,24.75,98
2025-08-14 22:39:36,Clouds,24.76,100
2025-08-14 22:49:59,Clouds,24.76,100
2025-08-14 22:57:47,Clouds,24.76,100
2025-08-14 23:18:30,Clouds,25.99,95
2025-08-14 23:32:51,Clouds,26.76,100
2025-08-14 23:44:13,Clouds,26.76,100
2025-08-14 23:52:07,Clouds,26.76,100
2025-08-14 23:59:40,Clouds,26.76,100
2025-08-15 02:01:33,Clouds,28.76,84
2025-08-15 03:24:57,Thunderstorm,25.76,94
2025-08-15 04:03:09,Clouds,25.76,100
2025-08-15 04:38:22,Clouds,25.76,100
2025-08-15 04:55:21,Clouds,25.76,100
2025-08-15 05:15:17,Clouds,25.76,100
2025-08-15 05:37:52,Clouds,28.76,84
2025-08-15 05:49:46,Clouds,28.76,84
2025-08-15 05:57:08,Clouds,28.76,84
2025-08-15 06:28:14,Clouds,29.76,84
2025-08-15 06:53:04,Clouds,29.76,84
2025-08-15 07:10:50,Clouds,29.76,84
2025-08-15 07:30:07,Clouds,30.76,79
2025-08-15 07:41:42,Clouds,30.76,79
2025-08-15 07:49:30,Clouds,30.76,79
2025-08-15 07:57:00,Clouds,30.76,79
2025-08-15 08:24:01,Clouds,30.76,79
2025-08-15 08:45:21,Clouds,30.76,79
2025-08-15 08:57:57,Clouds,30.76,79
2025-08-15 09:21:42,Clouds,29.76,79
2025-08-15 09:38:36,Clouds,29.76,79
2025-08-15 09:48:26,Clouds,29.76,79
2025-08-15 09:56:00,Clouds,29.76,79
2025-08-15 10:16:20,Clouds,28.35,78
2025-08-15 10:41:02,Clouds,27.76,100
2025-08-15 10:52:18,Clouds,27.76,100
2025-08-15 10:59:58,Clouds,27.76,100
2025-08-15 11:20:54,Clear,27.46,88
2025-08-15 11:31:48,Clouds,26.76,100
2025-08-15 11:42:32,Clouds,26.76,100
2025-08-15 11:50:19,Clouds,26.76,100
2025-08-15 11:58:09,Clouds,26.76,100
2025-08-15 12:40:42,Clouds,25.76,100
2025-08-15 13:18:29,Clear,25.82,93
2025-08-15 13:43:35,Clouds,25.76,100
2025-08-15 13:53:29,Clouds,25.76,100
2025-08-15 14:09:54,Clouds,25.76,100
2025-08-15 14:33:35,Clouds,25.76,100
2025-08-15 14:47:46,Clouds,25.76,100
2025-08-15 14:55:51,Clouds,25.76,100
2025-08-15 15:15:14,Clear,25.05,96
2025-08-15 15:33:57,Clouds,24.76,100
2025-08-15 15:46:11,Clouds,24.76,100
2025-08-15 15:54:41,Clouds,24.76,100
2025-08-15 16:14:31,Clouds,24.76,100
2025-08-15 16:42:21,Clouds,24.76,100
2025-08-15 16:55:38,Clouds,24.76,100
2025-08-15 17:12:37,Clouds,24.76,100
2025-08-15 17:32:16,Clouds,24.76,100
2025-08-15 17:44:43,Clouds,24.76,100
2025-08-15 17:52:36,Clouds,24.76,100
2025-08-15 18:00:10,Clouds,24.76,100
2025-08-15 18:37:13,Clouds,24.76,100
2025-08-15 18:55:12,Clouds,24.76,100
2025-08-15 19:10:37,Clouds,24.76,100
2025-08-15 19:25:26,Clouds,24.91,97
2025-08-15 19:35:10,Clouds,24.76,100
2025-08-15 19:43:12,Clouds,24.76,100
2025-08-15 19:51:04,Clouds,24.76,100
2025-08-15 19:58:37,Clouds,24.76,100
2025-08-15 20:23:38,Clouds,24.76,100
2025-08-15 20:39:33,Clouds,24.76,100
2025-08-15 20:50:21,Clouds,24.76,100
2025-08-15 20:58:11,Clouds,24.76,100
2025-08-15 21:17:21,Clouds,24.76,100
2025-08-15 21:31:01,Clouds,24.76,100
2025-08-15 21:41:46,Clouds,24.76,100
2025-08-15 21:49:17,Clouds,24.76,100
2025-08-15 21:57:00,Clouds,24.76,100
2025-08-15 22:16:54,Clouds,25.17,98
2025-08-15 22:37:59,Clouds,25.76,100
2025-08-15 22:48:48,Clouds,25.76,100
2025-08-15 22:56:20,Clouds,25.76,100
2025-08-15 23:15:29,Clouds,26.24,96
2025-08-15 23:31:47,Clouds,27.76,100
2025-08-15 23:43:33,Clouds,27.76,100
2025-08-15 23:51:15,Clouds,27.76,100
2025-08-15 23:58:37,Clouds,27.76,100
2025-08-16 01:45:04,Clouds,29.76,79
2025-08-16 03:06:02,Clouds,30.76,70
2025-08-16 03:51:05,Clouds,30.76,70
2025-08-16 04:13:03,Clouds,30.76,70
2025-08-16 04:39:58,Clouds,31.76,66
2025-08-16 04:52:23,Clouds,31.76,66
2025-08-16 05:00:13,Clouds,31.76,66
2025-08-16 05:24:49,Clouds,30.67,61
2025-08-16 05:40:18,Clouds,31.76,62
2025-08-16 05:48:58,Clouds,31.76,62
2025-08-16 05:56:47,Clouds,31.76,62
2025-08-16 06:23:46,Clouds,31.76,62
2025-08-16 06:46:33,Clouds,31.76,62
2025-08-16 06:57:24,Clouds,31.76,62
2025-08-16 07:16:37,Clouds,30.85,62
2025-08-16 07:30:21,Clouds,31.76,66
2025-08-16 07:40:53,Clouds,31.38,62
2025-08-16 07:48:52,Clouds,31.76,66
2025-08-16 07:56:29,Clouds,31.76,66
2025-08-16 08:20:03,Clouds,31.56,61
2025-08-16 08:41:29,Clouds,30.76,70
2025-08-16 08:53:59,Clouds,30.76,70
2025-08-16 09:10:41,Clouds,30.76,70
2025-08-16 09:29:54,Clouds,29.76,74
2025-08-16 09:41:38,Clouds,29.76,74
2025-08-16 09:49:24,Clouds,29.76,74
2025-08-16 09:57:00,Clouds,29.76,74
2025-08-16 10:16:26,Clouds,29.21,73
2025-08-16 10:36:15,Clouds,28.76,89
2025-08-16 10:46:49,Clouds,28.76,89
2025-08-16 10:54:42,Clouds,28.76,89
2025-08-16 11:09:33,Clouds,27.63,83
2025-08-16 11:24:26,Clouds,27.63,83
2025-08-16 11:33:46,Clouds,26.76,94
2025-08-16 11:42:01,Clouds,26.76,94
2025-08-16 11:49:42,Clouds,26.76,94
2025-08-16 11:57:13,Clouds,26.76,94
2025-08-16 12:34:45,Clouds,26.76,100
2025-08-16 13:06:44,Clouds,26.76,100
2025-08-16 13:34:07,Clouds,26.76,100
2025-08-16 13:45:12,Clouds,26.76,100
2025-08-16 13:53:07,Clouds,26.76,100
2025-08-16 14:07:08,Clouds,25.86,93
2025-08-16 14:28:23,Clouds,25.86,93
2025-08-16 14:41:02,Clouds,25.76,100
2025-08-16 14:49:02,Clouds,25.76,100
2025-08-16 14:56:26,Clouds,25.76,100
2025-08-16 15:14:42,Clouds,25.34,94
2025-08-16 15:31:23,Clouds,24.76,100
2025-08-16 15:42:42,Clouds,24.76,100
2025-08-16 15:50:28,Clouds,24.76,100
2025-08-16 15:57:58,Clouds,24.76,100
2025-08-16 16:22:08,Clouds,25.76,100
2025-08-16 16:41:44,Clouds,25.76,100
2025-08-16 16:53:14,Clouds,25.76,100
2025-08-16 17:06:53,Clouds,25.76,100
2025-08-16 17:26:28,Clouds,25.76,100
2025-08-16 17:38:12,Clouds,25.76,100
2025-08-16 17:46:00,Clouds,25.76,100
2025-08-16 17:53:51,Clouds,25.76,100
2025-08-16 18:12:48,Clouds,24.36,97
2025-08-16 18:40:52,Clouds,24.76,100
2025-08-16 18:53:01,Clouds,24.76,100
2025-08-16 19:01:38,Clouds,24.76,100
2025-08-16 19:20:58,Clouds,24.76,100
2025-08-16 19:29:06,Clouds,24.76,100
2025-08-16 19:38:10,Clouds,24.76,100
2025-08-16 19:45:59,Clouds,24.76,100
2025-08-16 19:53:46,Clouds,24.76,100
2025-08-16 20:10:25,Clouds,24.76,100
2025-08-16 20:30:38,Clouds,24.76,100
2025-08-16 20:43:17,Clouds,24.76,100
2025-08-16 20:51:05,Clouds,24.76,100
2025-08-16 20:58:46,Clouds,24.76,100
2025-08-16 21:19:06,Clouds,24.76,100
2025-08-16 21:31:21,Clouds,24.76,100
2025-08-16 21:41:41,Clouds,24.76,100
2025-08-16 21:49:24,Clouds,24.76,100
2025-08-16 21:56:49,Clouds,24.76,100
2025-08-16 22:15:51,Clouds,25.05,96
2025-08-16 22:34:31,Clouds,25.76,100
2025-08-16 22:45:31,Clouds,25.76,100
2025-08-16 22:53:19,Clouds,25.76,100
2025-08-16 23:08:25,Clouds,25.76,100
2025-08-16 23:26:56,Clouds,26.76,100
2025-08-16 23:37:37,Clouds,26.76,100
2025-08-16 23:45:27,Clouds,26.76,100
2025-08-16 23:53:26,Clouds,26.76,100
2025-08-17 00:52:28,Clouds,27.76,94
2025-08-17 02:47:54,Clouds,29.76,74
2025-08-17 03:46:43,Clouds,30.76,70
2025-08-17 04:20:24,Clouds,30.9,66
2025-08-17 04:48:06,Clouds,30.76,62
2025-08-17 04:59:54,Clouds,30.76,62
2025-08-17 05:24:29,Clouds,30.65,62
2025-08-17 05:40:41,Clouds,31.76,62
2025-08-17 05:50:18,Clouds,31.76,62
2025-08-17 05:58:11,Clouds,31.76,62
2025-08-17 06:29:34,Clouds,29.76,74
2025-08-17 06:51:20,Clouds,29.76,74
2025-08-17 06:59:26,Clouds,29.76,74
2025-08-17 07:21:27,Clouds,31.48,64
2025-08-17 07:33:00,Clouds,30.76,66
2025-08-17 07:42:30,Clouds,30.76,66
2025-08-17 07:50:13,Clouds,30.76,66
2025-08-17 07:57:58,Clouds,30.76,66
2025-08-17 08:25:37,Clouds,29.76,70
2025-08-17 08:44:20,Clouds,29.76,70
2025-08-17 08:54:53,Clouds,29.76,70
2025-08-17 09:12:20,Clouds,30.4,71
2025-08-17 09:30:26,Clouds,29.76,70
2025-08-17 09:42:35,Clouds,29.76,70
2025-08-17 09:50:20,Clouds,29.76,70
2025-08-17 09:57:59,Clouds,29.76,70
2025-08-17 10:19:54,Clouds,29.31,76
2025-08-17 10:39:28,Clouds,28.76,84
2025-08-17 10:49:28,Clouds,28.76,84
2025-08-17 10:56:58,Clouds,28.76,84
2025-08-17 11:13:38,Clouds,28.76,84
2025-08-17 11:27:09,Clouds,27.76,94
2025-08-17 11:36:46,Clouds,27.76,94
2025-08-17 11:44:19,Clouds,27.76,94
2025-08-17 11:52:03,Clouds,27.76,94
2025-08-17 11:59:41,Clouds,27.76,94
2025-08-17 12:47:52,Clouds,26.76,100
2025-08-17 13:18:04,Clouds,27.02,91
2025-08-17 13:40:25,Clouds,26.76,100
2025-08-17 13:49:39,Clouds,26.76,100
2025-08-17 13:57:08,Clouds,26.76,100
2025-08-17 14:15:43,Clouds,26.76,100
2025-08-17 14:33:53,Clouds,26.76,100
2025-08-17 14:45:27,Clouds,26.76,100
2025-08-17 14:53:09,Clouds,26.76,100
2025-08-17 15:07:53,Clouds,26.18,91
2025-08-17 15:28:47,Clouds,26.76,100
2025-08-17 15:40:49,Clouds,26.76,100
2025-08-17 15:48:51,Clouds,26.76,100
2025-08-17 15:56:38,Clouds,26.76,100
2025-08-17 16:19:04,Clouds,26.76,100
2025-08-17 16:41:48,Clouds,26.76,100
2025-08-17 16:53:53,Clouds,26.76,100
2025-08-17 17:08:38,Clouds,26.76,100
2025-08-17 17:29:00,Clouds,26.76,100
2025-08-17 17:41:46,Clouds,26.76,100
2025-08-17 17:49:41,Clouds,26.76,100
2025-08-17 17:57:12,Clouds,26.76,100
2025-08-17 18:24:47,Clouds,26.76,100
2025-08-17 18:46:43,Clouds,26.76,100
2025-08-17 18:57:10,Clouds,26.76,100
2025-08-17 19:13:39,Clouds,26.76,100
2025-08-17 19:26:07,Clouds,26.76,100
2025-08-17 19:35:42,Clouds,26.76,100
2025-08-17 19:43:05,Clouds,26.76,100
2025-08-17 19:50:36,Clouds,26.76,100
2025-08-17 19:58:09,Rain,26.76,100
2025-08-17 20:21:57,Rain,25.78,94
2025-08-17 20:38:28,Rain,26.76,100
2025-08-17 20:48:42,Rain,26.76,100
2025-08-17 20:56:26,Rain,26.76,100
2025-08-17 21:14:53,Clouds,26.76,100
2025-08-17 21:30:18,Clouds,26.76,100
2025-08-17 21:41:34,Clouds,26.76,100
2025-08-17 21:49:08,Clouds,26.76,100
2025-08-17 21:56:34,Clouds,26.76,100
2025-08-17 22:15:35,Clouds,25.91,96
2025-08-17 22:35:50,Clouds,26.76,100
2025-08-17 22:47:40,Clouds,26.76,100
2025-08-17 22:55:22,Clouds,26.76,100
2025-08-17 23:13:00,Clouds,26.54,95
2025-08-17 23:30:19,Clouds,26.76,100
2025-08-17 23:42:45,Clouds,26.76,100
2025-08-17 23:50:38,Clouds,26.76,100
2025-08-17 23:58:06,Clouds,26.76,100
2025-08-18 01:50:58,Clouds,28.76,89
2025-08-18 03:21:47,Clouds,30.13,69
2025-08-18 04:10:32,Clouds,31.09,65
2025-08-18 04:49:59,Clouds,30.76,70
2025-08-18 05:13:24,Clouds,31.76,62
2025-08-18 05:40:29,Clouds,31.76,62
2025-08-18 05:52:50,Clouds,31.76,62
2025-08-18 06:14:33,Clouds,32.76,58
2025-08-18 06:49:41,Clouds,32.76,58
2025-08-18 07:11:53,Clear,31.79,60
2025-08-18 07:33:03,Clouds,31.76,62
2025-08-18 07:45:39,Clouds,31.76,62
2025-08-18 07:53:30,Clouds,31.76,62
2025-08-18 08:15:44,Clear,31.48,62
2025-08-18 08:45:16,Clouds,29.76,70
2025-08-18 09:00:12,Clouds,29.76,70
2025-08-18 09:31:48,Clouds,29.76,79
2025-08-18 09:48:45,Clouds,29.76,79
2025-08-18 09:56:49,Clouds,29.76,79
2025-08-18 10:19:44,Rain,29.18,75
2025-08-18 10:44:10,Rain,27.76,94
2025-08-18 10:55:12,Rain,27.76,94
2025-08-18 11:12:33,Rain,27.76,94
2025-08-18 11:29:16,Rain,27.76,100
2025-08-18 11:41:37,Rain,27.76,100
2025-08-18 11:49:32,Rain,27.76,100
2025-08-18 11:57:20,Rain,27.76,100
2025-08-18 12:40:10,Rain,27.76,100
2025-08-18 13:22:51,Rain,26.79,90
2025-08-18 13:50:31,Rain,26.76,100
2025-08-18 14:00:43,Rain,26.76,100
2025-08-18 14:28:38,Rain,27.78,89
2025-08-18 14:47:54,Clouds,26.76,100
2025-08-18 14:57:31,Clouds,26.76,100
2025-08-18 15:21:01,Clouds,26.55,95
2025-08-18 15:40:55,Rain,26.76,100
2025-08-18 15:52:12,Clouds,26.76,100
2025-08-18 15:59:59,Clouds,26.76,100
2025-08-18 16:33:05,Clouds,26.76,100
2025-08-18 16:53:50,Clouds,26.76,100
2025-08-18 17:11:31,Clouds,26.76,100
2025-08-18 17:34:17,Clouds,26.76,100
2025-08-18 17:47:35,Clouds,26.76,100
2025-08-18 17:55:14,Clouds,26.76,100
2025-08-18 18:20:18,Clouds,26.06,96
2025-08-18 18:48:53,Clouds,26.76,100
2025-08-18 19:00:54,Clouds,26.76,100
2025-08-18 19:22:34,Clouds,25.77,96
2025-08-18 19:32:42,Clouds,26.76,100
2025-08-18 19:43:06,Clouds,26.76,100
2025-08-18 19:50:51,Clouds,26.76,100
2025-08-18 19:58:23,Clouds,26.76,100
2025-08-18 20:21:04,Clouds,26.76,100
2025-08-18 20:37:11,Clouds,26.76,100
2025-08-18 20:47:20,Clouds,25.71,97
2025-08-18 20:54:57,Clouds,26.76,100
2025-08-18 21:10:52,Clouds,26.76,100
2025-08-18 21:27:58,Clouds,25.76,100
2025-08-18 21:38:44,Clouds,25.76,100
2025-08-18 21:46:43,Clouds,25.76,100
2025-08-18 21:54:11,Clouds,25.76,100
2025-08-18 22:10:38,Clouds,26.01,97
2025-08-18 22:30:33,Clouds,26.76,100
2025-08-18 22:43:37,Clouds,26.76,100
2025-08-18 22:51:24,Clouds,26.76,100
2025-08-18 22:58:57,Clouds,26.76,100
2025-08-18 23:20:17,Clouds,26.87,95
2025-08-18 23:32:36,Clouds,27.76,100
2025-08-18 23:42:40,Clouds,27.76,100
2025-08-18 23:50:13,Clouds,27.76,100
2025-08-18 23:57:57,Clouds,27.76,100
2025-08-19 01:38:14,Clouds,29.76,84
2025-08-19 03:02:24,Clouds,30.76,79
2025-08-19 03:45:42,Clouds,31.76,70
2025-08-19 03:59:59,Clouds,31.76,70
2025-08-19 04:28:40,Clouds,30.76,74
2025-08-19 04:45:02,Clouds,30.76,74
2025-08-19 04:53:47,Clouds,30.76,74
2025-08-19 05:10:36,Clouds,30.76,74
2025-08-19 05:32:02,Clouds,31.76,66
2025-08-19 05:44:25,Clouds,31.76,66
2025-08-19 05:52:16,Clouds,31.76,66
2025-08-19 05:59:47,Clouds,31.76,66
2025-08-19 06:36:08,Clouds,29.76,79
2025-08-19 06:53:58,Clouds,29.76,79
2025-08-19 07:10:41,Clouds,29.76,79
2025-08-19 07:28:43,Clouds,29.76,79
2025-08-19 07:40:38,Clouds,29.76,79
2025-08-19 07:48:40,Clouds,29.76,79
2025-08-19 07:56:26,Clouds,29.76,79
2025-08-19 08:21:03,Clear,30.9,66
2025-08-19 08:44:00,Clouds,30.76,74
2025-08-19 08:56:23,Clouds,30.76,74
2025-08-19 09:17:02,Clouds,29.76,79
2025-08-19 09:34:22,Clouds,29.76,79
2025-08-19 09:46:37,Clouds,29.76,79
2025-08-19 09:54:13,Clouds,29.76,79
2025-08-19 10:12:19,Clouds,29.76,79
2025-08-19 10:35:47,Clouds,28.76,89
2025-08-19 10:49:15,Clouds,28.76,89
2025-08-19 10:56:46,Clouds,28.76,89
2025-08-19 11:13:53,Clouds,28.76,89
2025-08-19 11:28:01,Clouds,27.76,89
2025-08-19 11:38:23,Clouds,27.76,89
2025-08-19 11:46:07,Clouds,27.76,89
2025-08-19 11:53:38,Clouds,27.76,89
2025-08-19 12:18:43,Clouds,28.03,79
2025-08-19 13:00:03,Clouds,27.76,94
2025-08-19 13:33:47,Clouds,27.76,100
2025-08-19 13:48:59,Clouds,27.76,100
2025-08-19 13:57:04,Clouds,27.76,100
2025-08-19 14:17:33,Clouds,27.76,100
2025-08-19 14:39:31,Clouds,26.76,100
2025-08-19 14:51:16,Clouds,26.76,100
2025-08-19 14:58:48,Clouds,26.76,100
2025-08-19 15:23:11,Clouds,26.6,91
2025-08-19 15:38:55,Clouds,26.76,100
2025-08-19 15:49:17,Clouds,26.76,100
2025-08-19 15:57:09,Clouds,26.76,100
2025-08-19 16:22:08,Clouds,26.76,100
2025-08-19 16:43:56,Clouds,26.76,100
2025-08-19 16:55:23,Clouds,26.76,100
2025-08-19 17:12:00,Clouds,26.76,100
2025-08-19 17:31:09,Clouds,26.76,100
2025-08-19 17:43:49,Clouds,26.76,100
2025-08-19 17:51:34,Clouds,26.76,100
2025-08-19 17:59:19,Clouds,26.76,100
2025-08-19 18:30:51,Clouds,26.76,100
2025-08-19 18:50:06,Clouds,26.76,100
2025-08-19 18:57:59,Clouds,26.76,100
2025-08-19 19:15:04,Clouds,26.76,100
2025-08-19 19:27:07,Clouds,25.76,100
2025-08-19 19:36:27,Clouds,25.76,100
2025-08-19 19:44:03,Clouds,25.76,100
2025-08-19 19:51:53,Clouds,25.76,100
2025-08-19 19:59:24,Clouds,25.76,100
2025-08-19 20:24:54,Clouds,25.76,100
2025-08-19 20:37:43,Clouds,25.76,100
2025-08-19 20:46:47,Clouds,25.76,100
2025-08-19 20:54:23,Clouds,25.76,100
2025-08-19 21:10:47,Clouds,25.76,100
2025-08-19 21:28:15,Clouds,25.76,100
2025-08-19 21:38:56,Clouds,25.76,100
2025-08-19 21:46:30,Clouds,25.76,100
2025-08-19 21:54:05,Clouds,25.76,100
2025-08-19 22:10:24,Clouds,26.21,95
2025-08-19 22:31:23,Clouds,27.76,100
2025-08-19 22:43:46,Clouds,27.76,100
2025-08-19 22:51:28,Clouds,27.76,100
2025-08-19 22:59:14,Clouds,27.76,100
2025-08-19 23:20:24,Clouds,27.66,89
2025-08-19 23:32:09,Clouds,27.76,100
2025-08-19 23:42:51,Clouds,27.76,100
2025-08-19 23:50:35,Clouds,27.76,100
2025-08-19 23:58:24,Clouds,27.76,100
2025-08-20 01:39:53,Clouds,30.76,79
2025-08-20 03:01:01,Clouds,30.76,74
2025-08-20 03:43:14,Clouds,31.76,66
2025-08-20 03:58:44,Clouds,31.76,66
2025-08-20 04:25:57,Clouds,31.76,66
2025-08-20 04:43:12,Clouds,31.76,66
2025-08-20 04:53:37,Clouds,31.76,66
2025-08-20 05:10:23,Clouds,31.76,66
2025-08-20 05:32:12,Clouds,31.76,62
2025-08-20 05:44:49,Clouds,31.76,62
2025-08-20 05:52:38,Clouds,31.76,62
2025-08-20 06:00:14,Clouds,31.76,62
2025-08-20 06:37:37,Clouds,31.76,62
2025-08-20 06:55:19,Clouds,31.76,62
2025-08-20 07:13:40,Clouds,31.76,62
2025-08-20 07:31:02,Clouds,30.76,70
2025-08-20 07:43:24,Clouds,30.76,70
2025-08-20 07:51:07,Clouds,30.76,70
2025-08-20 07:58:29,Clouds,30.76,70
2025-08-20 08:27:44,Clouds,29.76,79
2025-08-20 08:45:56,Clouds,29.76,79
2025-08-20 08:56:37,Clouds,29.76,79
2025-08-20 09:17:25,Clouds,31.01,64
2025-08-20 09:35:16,Clouds,28.76,84
2025-08-20 09:46:36,Clouds,28.76,84
2025-08-20 09:54:16,Clouds,28.76,84
2025-08-20 10:12:08,Clouds,29.77,69
2025-08-20 10:35:37,Clouds,28.76,89
2025-08-20 10:48:17,Clouds,28.76,89
2025-08-20 10:55:48,Clouds,28.76,89
2025-08-20 11:12:27,Clouds,28.76,89
2025-08-20 11:27:26,Clouds,27.76,94
2025-08-20 11:37:51,Clouds,27.76,94
2025-08-20 11:45:18,Clouds,27.76,94
2025-08-20 11:53:14,Clouds,27.76,94
2025-08-20 12:16:48,Clouds,28.7,77
2025-08-20 13:01:14,Clouds,27.76,100
2025-08-20 13:36:06,Clouds,27.76,100
2025-08-20 13:50:17,Clouds,27.76,100
2025-08-20 13:57:42,Clouds,27.76,100
2025-08-20 14:19:36,Clouds,27.76,100
2025-08-20 14:40:07,Clouds,27.76,100
2025-08-20 14:51:24,Clouds,27.76,100
2025-08-20 14:59:02,Clouds,27.76,100
2025-08-20 15:24:24,Clouds,27.76,100
2025-08-20 15:40:30,Clouds,27.76,100
2025-08-20 15:49:08,Clouds,27.76,100
2025-08-20 15:56:52,Clouds,27.76,100
2025-08-20 16:21:12,Clouds,26.76,100
2025-08-20 16:42:53,Clouds,26.76,100
2025-08-20 16:54:45,Clouds,26.76,100
2025-08-20 17:10:48,Clouds,25.94,84
2025-08-20 17:30:20,Clouds,26.76,100
2025-08-20 17:43:14,Clouds,26.76,100
2025-08-20 17:50:39,Clouds,26.76,100
2025-08-20 17:58:08,Clouds,26.76,100
2025-08-20 18:29:14,Clouds,26.76,100
2025-08-20 18:50:35,Clouds,26.76,100
2025-08-20 18:59:09,Clouds,26.76,100
2025-08-20 19:17:37,Clouds,27.1,94
2025-08-20 19:28:26,Clouds,25.76,100
2025-08-20 19:37:47,Clouds,25.76,100
2025-08-20 19:45:27,Clouds,25.76,100
2025-08-20 19:53:12,Clouds,25.76,100
2025-08-20 20:10:08,Clouds,25.76,100
2025-08-20 20:32:29,Clouds,25.76,100
2025-08-20 20:45:34,Clouds,25.76,100
2025-08-20 20:53:36,Clouds,25.76,100
2025-08-20 21:08:54,Clouds,25.76,100
2025-08-20 21:27:33,Clouds,26.77,94
2025-08-20 21:38:33,Clouds,26.76,100
2025-08-20 21:46:37,Clouds,26.76,100
2025-08-20 21:54:18,Clouds,26.76,100
2025-08-20 22:09:36,Clouds,26.76,100
2025-08-20 22:30:39,Clouds,27.76,100
2025-08-20 22:42:45,Clouds,27.76,100
2025-08-20 22:50:31,Clouds,27.76,100
2025-08-20 22:58:04,Clouds,27.76,100
2025-08-20 23:17:58,Clouds,27.87,92
2025-08-20 23:31:01,Clouds,28.76,94
2025-08-20 23:41:27,Clouds,28.76,94
2025-08-20 23:49:02,Clouds,28.76,94
2025-08-20 23:56:36,Clouds,28.76,94
2025-08-21 01:14:32,Clouds,29.76,89
2025-08-21 02:46:28,Clouds,31.76,66
2025-08-21 03:31:37,Clouds,31.76,62
2025-08-21 03:54:23,Clouds,31.76,62
2025-08-21 04:14:30,Clouds,33.22,58
2025-08-21 04:37:19,Clouds,33.76,55
2025-08-21 04:49:21,Clouds,33.76,55
2025-08-21 04:56:52,Clouds,33.76,55
2025-08-21 05:17:11,Clouds,33.59,55
2025-08-21 05:36:29,Clouds,32.76,58
2025-08-21 05:46:33,Clouds,32.76,58
2025-08-21 05:54:14,Clouds,32.76,58
2025-08-21 06:25:45,Clouds,33.78,54
2025-08-21 06:56:22,Clouds,32.76,52
2025-08-21 07:18:43,Clouds,32.55,55
2025-08-21 07:34:46,Clouds,31.76,70
2025-08-21 07:43:56,Clouds,31.76,70
2025-08-21 07:51:42,Clouds,31.76,70
2025-08-21 07:59:19,Clouds,31.76,70
2025-08-21 08:30:05,Clouds,31.76,66
2025-08-21 08:48:50,Clouds,31.76,66
2025-08-21 08:58:01,Clouds,31.76,66
2025-08-21 09:20:54,Clouds,30.45,65
2025-08-21 09:37:42,Clear,29.76,74
2025-08-21 09:47:32,Clear,29.76,74
2025-08-21 09:55:08,Clear,29.76,74
2025-08-21 10:13:48,Clouds,29.92,72
2025-08-21 10:36:28,Clear,28.76,84
2025-08-21 10:48:34,Clear,28.76,84
2025-08-21 10:56:15,Clear,28.76,84
2025-08-21 11:13:45,Clouds,29.24,73
2025-08-21 11:27:40,Clear,27.76,89
2025-08-21 11:38:03,Clear,27.76,89
2025-08-21 11:45:46,Clear,27.76,89
2025-08-21 11:53:47,Clear,27.76,89
2025-08-21 12:19:32,Clouds,28.56,77
2025-08-21 13:01:07,Clear,26.76,100
2025-08-21 13:35:55,Clear,26.76,100
2025-08-21 13:49:45,Clear,26.76,100
2025-08-21 13:57:28,Clear,26.76,100
2025-08-21 14:18:51,Clouds,27.51,91
2025-08-21 14:39:40,Clear,25.76,100
2025-08-21 14:51:20,Clear,25.76,100
2025-08-21 14:58:43,Clear,25.76,100
2025-08-21 15:23:01,Clouds,27.17,84
2025-08-21 15:38:43,Clear,25.76,100
2025-08-21 15:48:35,Clear,25.76,100
2025-08-21 15:56:27,Clear,25.76,100
2025-08-21 16:19:16,Clouds,26.97,87
2025-08-21 16:47:49,Clear,25.76,100
2025-08-21 17:05:26,Clear,25.76,100
2025-08-21 17:16:54,Clear,24.76,100
2025-08-21 17:30:46,Clear,24.76,100
2025-08-21 17:43:47,Clear,24.76,100
2025-08-21 17:51:43,Clear,24.76,100
2025-08-21 17:59:37,Clear,24.76,100
2025-08-21 18:31:42,Clear,24.76,100
2025-08-21 18:50:10,Clear,24.76,100
2025-08-21 18:57:40,Clear,24.76,100
2025-08-21 19:14:50,Clear,24.76,100
2025-08-21 19:26:42,Clouds,25.79,92
2025-08-21 19:36:16,Clear,24.76,100
2025-08-21 19:44:01,Clear,24.76,100
2025-08-21 19:51:24,Clear,24.76,100
2025-08-21 19:58:56,Clear,24.76,100
2025-08-21 20:23:18,Clouds,24.76,100
2025-08-21 20:38:19,Clouds,24.76,100
2025-08-21 20:48:06,Clouds,24.76,100
2025-08-21 20:55:58,Clouds,24.76,100
2025-08-21 21:13:32,Clouds,24.76,100
2025-08-21 21:28:46,Clouds,24.76,100
2025-08-21 21:39:20,Clouds,24.76,100
2025-08-21 21:46:55,Clouds,24.76,100
2025-08-21 21:54:35,Clouds,24.76,100
2025-08-21 22:11:37,Clouds,24.76,100
2025-08-21 22:32:43,Clouds,26.76,100
2025-08-21 22:44:49,Clouds,26.76,100
2025-08-21 22:52:40,Clouds,26.76,100
2025-08-21 23:00:15,Clouds,26.76,100
2025-08-21 23:22:30,Clouds,28.76,89
2025-08-21 23:33:16,Clouds,28.76,89
2025-08-21 23:42:47,Clouds,28.76,89
2025-08-21 23:50:47,Clouds,28.76,89
2025-08-21 23:58:13,Clouds,28.76,89
2025-08-22 01:38:31,Clouds,30.76,70
2025-08-22 02:59:59,Clouds,30.76,66
2025-08-22 03:41:43,Clouds,32.76,58
2025-08-22 03:57:43,Clouds,32.76,58
2025-08-22 04:21:26,Clear,32.86,57
2025-08-22 04:40:11,Clouds,32.76,58
2025-08-22 04:51:22,Clouds,32.76,58
2025-08-22 04:58:58,Clouds,32.76,58
2025-08-22 05:21:21,Clear,32.9,56
2025-08-22 05:37:59,Clouds,32.76,58
2025-08-22 05:46:40,Clouds,32.76,58
2025-08-22 05:54:38,Clouds,32.76,58
2025-08-22 06:18:23,Clouds,34.38,52
2025-08-22 06:46:19,Clouds,32.76,58
2025-08-22 06:58:25,Clouds,32.76,58
2025-08-22 07:18:53,Clouds,33.99,54
2025-08-22 07:31:26,Clouds,32.76,58
2025-08-22 07:41:27,Clouds,32.76,58
2025-08-22 07:49:15,Clouds,32.76,58
2025-08-22 07:56:43,Clouds,32.76,58
2025-08-22 08:21:44,Clouds,32.55,52
2025-08-22 08:42:40,Clouds,30.76,74
2025-08-22 08:54:41,Clouds,30.76,74
2025-08-22 09:13:18,Clouds,30.76,74
2025-08-22 09:32:31,Clouds,29.76,79
2025-08-22 09:44:05,Clouds,29.76,79
2025-08-22 09:51:56,Clouds,29.76,79
2025-08-22 09:59:40,Clouds,29.76,79
2025-08-22 10:24:56,Clouds,30.26,63
2025-08-22 10:41:45,Clouds,28.76,89
2025-08-22 10:50:52,Clouds,28.76,89
2025-08-22 10:58:32,Clouds,28.76,89
2025-08-22 11:17:09,Clouds,28.76,89
2025-08-22 11:28:45,Clouds,27.76,100
2025-08-22 11:38:21,Clouds,27.76,100
2025-08-22 11:46:13,Clouds,27.76,100
2025-08-22 11:54:18,Clouds,27.76,100
2025-08-22 12:20:57,Clouds,28.17,80
2025-08-22 13:00:33,Clouds,26.76,100
2025-08-22 13:33:11,Clouds,26.76,100
2025-08-22 13:46:41,Clouds,26.76,100
2025-08-22 13:54:28,Clouds,26.76,100
2025-08-22 14:11:29,Clear,26.28,88
2025-08-22 14:32:45,Clouds,26.76,100
2025-08-22 14:45:40,Clouds,26.76,100
2025-08-22 14:53:26,Clouds,26.76,100
2025-08-22 15:09:31,Clouds,26.76,100
2025-08-22 15:29:26,Clouds,26.76,94
2025-08-22 15:40:50,Clouds,26.76,94
2025-08-22 15:48:47,Clouds,26.76,94
2025-08-22 15:56:48,Clouds,26.76,94
2025-08-22 16:20:04,Clear,26.12,89
2025-08-22 16:42:18,Clouds,25.76,100
2025-08-22 16:54:08,Clouds,25.76,100
2025-08-22 17:09:40,Clear,25.65,90
2025-08-22 17:29:37,Clouds,25.76,100
2025-08-22 17:42:07,Clouds,25.76,100
2025-08-22 17:50:04,Clouds,25.76,100
2025-08-22 17:57:55,Clouds,25.76,100
2025-08-22 18:27:21,Clouds,26.76,100
2025-08-22 18:48:01,Clouds,26.76,100
2025-08-22 18:56:44,Clouds,26.76,100
2025-08-22 19:13:09,Clouds,26.76,100
2025-08-22 19:26:04,Clouds,25.76,100
2025-08-22 19:35:27,Clouds,25.76,100
2025-08-22 19:43:04,Clouds,25.76,100
2025-08-22 19:50:44,Clouds,25.76,100
2025-08-22 19:58:12,Clouds,25.76,100
2025-08-22 20:21:34,Clouds,25.76,100
2025-08-22 20:37:18,Clouds,25.76,100
2025-08-22 20:46:46,Clouds,25.76,100
2025-08-22 20:54:33,Clouds,25.76,100
2025-08-22 21:10:36,Clouds,25.76,100
2025-08-22 21:27:17,Clouds,25.76,100
2025-08-22 21:37:38,Clouds,25.76,100
2025-08-22 21:45:25,Clouds,25.76,100
2025-08-22 21:53:21,Clouds,25.76,100
2025-08-22 22:08:16,Clouds,25.76,100
2025-08-22 22:29:40,Clouds,26.76,100
2025-08-22 22:42:24,Clouds,26.76,100
2025-08-22 22:50:16,Clouds,26.76,100
2025-08-22 22:58:06,Clouds,26.76,100
2025-08-22 23:17:56,Clouds,27.26,92
2025-08-22 23:30:35,Clouds,28.76,94
2025-08-22 23:40:43,Clouds,28.76,94
2025-08-22 23:48:33,Clouds,28.76,94
2025-08-22 23:56:01,Clouds,28.76,94
2025-08-23 01:08:01,Clouds,28.76,94
2025-08-23 02:39:49,Clouds,30.76,79
2025-08-23 03:24:45,Clouds,31.76,70
2025-08-23 03:47:31,Clouds,31.76,70
2025-08-23 03:56:17,Clouds,31.76,70
2025-08-23 04:17:58,Clouds,31.76,70
2025-08-23 04:37:53,Clouds,30.76,79
2025-08-23 04:48:30,Clouds,30.76,79
2025-08-23 04:56:18,Clouds,30.76,79
2025-08-23 05:14:09,Clouds,32.63,71
2025-08-23 05:31:34,Clouds,29.76,84
2025-08-23 05:42:48,Clouds,29.76,84
2025-08-23 05:50:35,Clouds,29.76,84
2025-08-23 05:58:18,Clouds,29.76,84
2025-08-23 06:27:36,Clouds,30.76,79
2025-08-23 06:46:34,Clouds,30.76,79
2025-08-23 06:55:08,Clouds,30.76,79
2025-08-23 07:11:35,Clouds,30.76,79
2025-08-23 07:26:23,Clouds,32.96,69
2025-08-23 07:35:07,Clear,31.76,74
2025-08-23 07:42:54,Clear,31.76,74
2025-08-23 07:50:44,Clear,31.76,74
2025-08-23 07:58:17,Clear,31.76,74
2025-08-23 08:23:35,Clouds,31.76,74
2025-08-23 08:40:16,Clouds,31.76,74
2025-08-23 08:51:04,Clouds,31.76,74
2025-08-23 08:58:30,Clouds,31.76,74
2025-08-23 09:19:14,Clouds,30.76,79
2025-08-23 09:31:43,Clouds,30.76,79
2025-08-23 09:41:27,Clouds,30.76,79
2025-08-23 09:49:18,Clouds,30.76,79
2025-08-23 09:57:04,Clouds,30.76,79
2025-08-23 10:16:19,Clouds,30.72,75
2025-08-23 10:34:22,Clouds,28.76,89
2025-08-23 10:44:14,Clouds,28.76,89
2025-08-23 10:52:08,Clouds,28.76,89
2025-08-23 10:59:46,Clouds,28.76,89
2025-08-23 11:17:29,Clouds,29.43,86
2025-08-23 11:27:13,Clear,27.76,94
2025-08-23 11:36:36,Clear,27.76,94
2025-08-23 11:44:10,Clear,27.76,94
2025-08-23 11:52:03,Clear,27.76,94
2025-08-23 11:59:49,Clear,27.76,94
2025-08-23 12:44:20,Clouds,27.76,100
2025-08-23 13:12:33,Clear,27.87,88
2025-08-23 13:33:14,Clouds,27.76,100
2025-08-23 13:42:44,Clouds,27.76,100
2025-08-23 13:50:16,Clouds,27.76,100
2025-08-23 13:58:07,Clouds,27.76,100
2025-08-23 14:16:29,Clouds,27.76,100
2025-08-23 14:32:12,Clouds,26.76,100
2025-08-23 14:42:27,Clouds,26.76,100
2025-08-23 14:50:14,Clouds,26.76,100
2025-08-23 14:58:00,Clouds,26.76,100
2025-08-23 15:17:21,Clear,27.29,88
2025-08-23 15:30:28,Clear,25.76,100
2025-08-23 15:40:12,Clear,25.76,100
2025-08-23 15:47:53,Clear,25.76,100
2025-08-23 15:55:22,Clear,25.76,100
2025-08-23 16:14:10,Clear,25.76,100
2025-08-23 16:34:03,Clear,25.76,100
2025-08-23 16:45:57,Clear,25.76,100
2025-08-23 16:53:48,Clear,25.76,100
2025-08-23 17:07:45,Clear,25.76,100
2025-08-23 17:25:20,Clear,25.76,100
2025-08-23 17:35:32,Clear,25.76,100
2025-08-23 17:43:09,Clear,25.76,100
2025-08-23 17:50:55,Clear,25.76,100
2025-08-23 17:58:33,Clear,25.76,100
2025-08-23 18:26:30,Clouds,25.76,94
2025-08-23 18:44:03,Clouds,25.76,94
2025-08-23 18:52:24,Clouds,25.76,94
2025-08-23 19:00:04,Clouds,25.76,94
2025-08-23 19:17:12,Clear,26.51,88
2025-08-23 19:25:41,Clouds,24.76,100
2025-08-23 19:35:13,Clouds,24.76,100
2025-08-23 19:42:54,Clouds,24.76,100
2025-08-23 19:50:41,Clouds,24.76,100
2025-08-23 19:58:22,Clouds,24.76,100
2025-08-23 20:20:10,Clouds,24.76,100
2025-08-23 20:33:26,Clouds,24.76,100
2025-08-23 20:43:18,Clouds,24.76,100
2025-08-23 20:50:58,Clouds,24.76,100
2025-08-23 20:58:46,Clouds,24.76,100
2025-08-23 21:17:50,Clouds,24.76,100
2025-08-23 21:29:23,Clouds,24.76,100
2025-08-23 21:38:48,Clouds,24.76,100
2025-08-23 21:46:20,Clouds,24.76,100
2025-08-23 21:53:55,Clouds,24.76,100
2025-08-23 22:08:52,Clouds,24.76,100
2025-08-23 22:29:28,Clear,26.29,95
2025-08-23 22:41:32,Clouds,26.76,100
2025-08-23 22:49:26,Clouds,26.76,100
2025-08-23 22:56:55,Clouds,26.76,100
2025-08-23 23:15:30,Clear,28.13,89
2025-08-23 23:29:24,Clouds,27.76,100
2025-08-23 23:39:43,Clouds,27.76,100
2025-08-23 23:47:36,Clouds,27.76,100
2025-08-23 23:55:01,Clouds,27.76,100
2025-08-24 01:07:32,Clouds,28.76,94
2025-08-24 02:55:27,Clouds,31.76,70
2025-08-24 03:44:30,Clouds,31.76,66
2025-08-24 04:03:54,Clouds,31.76,66
2025-08-24 04:34:40,Clouds,32.76,62
2025-08-24 04:49:19,Clouds,32.76,62
2025-08-24 04:56:35,Clouds,32.76,62
2025-08-24 05:15:45,Clouds,32.2,56
2025-08-24 05:33:28,Clouds,33.76,59
2025-08-24 05:44:08,Clouds,33.76,59
2025-08-24 05:51:42,Clouds,33.76,59
2025-08-24 05:59:11,Clouds,33.76,59
2025-08-24 06:31:39,Clouds,34.76,46
2025-08-24 06:50:05,Clouds,34.76,46
2025-08-24 06:57:50,Clouds,34.76,46
2025-08-24 07:17:18,Clouds,34.76,46
2025-08-24 07:29:50,Clouds,33.76,52
2025-08-24 07:39:20,Clouds,33.76,52
2025-08-24 07:47:08,Clouds,33.76,52
2025-08-24 07:55:03,Clouds,33.76,52
2025-08-24 08:14:51,Clear,32.8,54
2025-08-24 08:34:59,Clouds,32.76,58
2025-08-24 08:47:17,Clouds,32.76,58
2025-08-24 08:54:55,Clouds,32.76,58
2025-08-24 09:11:39,Clouds,32.76,58
2025-08-24 09:28:28,Clouds,30.76,70
2025-08-24 09:39:14,Clouds,30.76,70
2025-08-24 09:46:43,Clouds,30.76,70
2025-08-24 09:54:24,Clouds,30.76,70
2025-08-24 10:11:14,Clear,30.31,66
2025-08-24 10:32:24,Clouds,28.76,89
2025-08-24 10:43:38,Clouds,28.76,89
2025-08-24 10:51:30,Clouds,28.76,89
2025-08-24 10:58:59,Clouds,28.76,89
2025-08-24 11:16:41,Clear,28.92,80
2025-08-24 11:27:03,Clear,27.76,89
2025-08-24 11:36:15,Clear,27.76,89
2025-08-24 11:43:57,Clear,27.76,89
2025-08-24 11:51:47,Clear,27.76,89
2025-08-24 11:59:21,Clear,27.76,89
2025-08-24 12:42:07,Clear,26.76,100
2025-08-24 13:08:48,Clear,26.76,100
2025-08-24 13:33:06,Clear,26.76,100
2025-08-24 13:43:38,Clear,26.76,100
2025-08-24 13:51:21,Clear,26.76,100
2025-08-24 13:58:52,Clear,26.76,100
2025-08-24 14:17:56,Clouds,28.2,84
2025-08-24 14:32:59,Clear,26.76,100
2025-08-24 14:43:02,Clear,26.76,100
2025-08-24 14:50:49,Clear,26.76,100
2025-08-24 14:58:24,Clear,26.76,100
2025-08-24 15:18:32,Clouds,26.73,89
2025-08-24 15:31:38,Clear,25.76,100
2025-08-24 15:41:42,Clear,25.76,100
2025-08-24 15:49:27,Clear,25.76,100
2025-08-24 15:56:55,Clear,25.76,100
2025-08-24 16:19:13,Clear,25.76,100
2025-08-24 16:39:51,Clouds,25.76,100
2025-08-24 16:50:45,Clouds,25.76,100
2025-08-24 16:58:29,Clouds,25.76,100
2025-08-24 17:16:43,Clouds,25.76,100
2025-08-24 17:31:16,Clouds,26.76,100
2025-08-24 17:41:31,Clouds,26.76,100
2025-08-24 17:49:16,Clouds,26.76,100
2025-08-24 17:56:47,Clouds,26.76,100
2025-08-24 18:21:15,Clouds,25.76,100
2025-08-24 18:42:24,Clouds,25.76,100
2025-08-24 18:52:39,Clouds,25.76,100
2025-08-24 19:00:05,Clouds,25.76,100
2025-08-24 19:18:25,Clouds,25.58,95
2025-08-24 19:27:06,Clouds,25.76,100
2025-08-24 19:36:35,Clouds,25.76,100
2025-08-24 19:44:08,Clouds,25.76,100
2025-08-24 19:51:48,Clouds,25.76,100
2025-08-24 19:59:28,Clouds,25.76,100
2025-08-24 20:23:42,Clouds,25.76,100
2025-08-24 20:37:10,Clouds,25.76,100
2025-08-24 20:45:58,Clouds,25.76,100
2025-08-24 20:53:46,Clouds,25.76,100
2025-08-24 21:08:17,Clouds,25.76,100
2025-08-24 21:25:41,Clouds,26.76,100
2025-08-24 21:35:36,Clouds,26.76,100
2025-08-24 21:43:08,Clouds,26.76,100
2025-08-24 21:50:53,Clouds,26.76,100
2025-08-24 21:58:19,Clouds,26.76,100
2025-08-24 22:18:19,Clouds,26.45,93
2025-08-24 22:35:05,Rain,27.76,100
2025-08-24 22:45:06,Rain,27.76,100
2025-08-24 22:52:50,Rain,27.76,100
2025-08-24 23:00:44,Rain,27.76,100
2025-08-24 23:23:25,Rain,27.53,89
2025-08-24 23:33:46,Thunderstorm,25.76,100
2025-08-24 23:43:37,Clouds,24.76,100
2025-08-24 23:51:28,Clouds,24.76,100
2025-08-24 23:59:18,Clouds,24.76,100
2025-08-25 01:53:01,Clouds,26.76,100
2025-08-25 03:07:58,Clouds,30.76,84
2025-08-25 03:53:12,Clouds,30.76,84
2025-08-25 04:16:13,Clouds,33.41,62
2025-08-25 04:43:29,Clouds,32.76,70
2025-08-25 04:54:57,Clouds,32.76,70
2025-08-25 05:13:56,Clouds,33.81,60
2025-08-25 05:34:35,Clouds,32.76,70
2025-08-25 05:47:06,Clouds,32.76,70
2025-08-25 05:54:36,Clouds,32.76,70
2025-08-25 06:19:34,Clouds,31.78,66
2025-08-25 06:48:17,Clouds,31.76,74
2025-08-25 06:59:41,Clouds,31.76,74
2025-08-25 07:23:52,Clouds,31.76,70
2025-08-25 07:37:21,Clouds,31.76,70
2025-08-25 07:46:05,Clouds,31.76,70
2025-08-25 07:53:31,Clouds,31.76,70
2025-08-25 08:14:57,Clouds,31.76,70
2025-08-25 08:43:34,Clouds,30.76,84
2025-08-25 08:57:36,Clouds,30.76,84
2025-08-25 09:20:54,Clouds,31.64,66
2025-08-25 09:38:55,Clouds,30.76,79
2025-08-25 09:48:47,Clouds,30.76,79
2025-08-25 09:56:36,Clouds,30.76,79
2025-08-25 10:18:34,Clouds,29.22,70
2025-08-25 10:40:41,Clouds,29.76,84
2025-08-25 10:51:46,Clouds,29.76,84
2025-08-25 10:59:15,Clouds,29.76,84
2025-08-25 11:19:18,Clouds,28.76,94
2025-08-25 11:30:55,Clouds,28.76,94
2025-08-25 11:41:27,Clouds,28.76,94
2025-08-25 11:49:25,Rain,28.76,94
2025-08-25 11:57:16,Clouds,28.76,94
2025-08-25 12:37:34,Clouds,28.76,94
2025-08-25 13:17:39,Clear,27.61,88
2025-08-25 13:43:34,Clouds,28.76,94
2025-08-25 13:53:41,Clouds,28.76,94
2025-08-25 14:10:15,Clouds,28.76,94
2025-08-25 14:33:43,Clouds,28.76,100
2025-08-25 14:47:45,Rain,28.76,100
2025-08-25 14:55:23,Rain,28.76,100
2025-08-25 15:14:22,Thunderstorm,28.76,100
2025-08-25 15:33:49,Thunderstorm,27.76,100
2025-08-25 15:46:18,Thunderstorm,27.76,100
2025-08-25 15:53:59,Thunderstorm,27.76,100
2025-08-25 16:12:53,Rain,26.29,94
2025-08-25 16:39:24,Rain,27.76,94
2025-08-25 16:54:13,Rain,27.76,94
2025-08-25 17:08:44,Rain,25.6,94
2025-08-25 17:28:25,Rain,26.76,100
2025-08-25 17:40:43,Rain,26.76,100
2025-08-25 17:48:34,Rain,26.76,100
2025-08-25 17:56:06,Rain,26.76,100
2025-08-25 18:22:38,Rain,25.76,100
2025-08-25 18:46:08,Rain,25.76,100
2025-08-25 18:57:24,Thunderstorm,25.76,100
2025-08-25 19:14:17,Thunderstorm,25.76,100
2025-08-25 19:26:53,Thunderstorm,25.76,100
2025-08-25 19:36:28,Thunderstorm,24.76,100
2025-08-25 19:44:08,Thunderstorm,24.76,100
2025-08-25 19:51:55,Rain,24.76,100
2025-08-25 19:59:23,Rain,24.76,100
2025-08-25 20:24:57,Rain,24.76,100
2025-08-25 20:39:31,Rain,24.76,100
2025-08-25 20:48:51,Rain,24.76,100
2025-08-25 20:56:45,Rain,24.76,100
2025-08-25 21:15:23,Rain,25.2,97
2025-08-25 21:30:26,Rain,25.76,100
2025-08-25 21:41:28,Rain,25.76,100
2025-08-25 21:49:11,Rain,25.76,100
2025-08-25 21:56:50,Rain,25.76,100
2025-08-25 22:16:11,Rain,25.76,100
2025-08-25 22:34:39,Mist,25.76,100
2025-08-25 22:45:21,Mist,25.76,100
2025-08-25 22:53:05,Mist,25.76,100
2025-08-25 23:08:09,Rain,25.76,100
2025-08-25 23:27:05,Rain,26.76,100
2025-08-25 23:37:45,Mist,26.76,100
2025-08-25 23:45:19,Rain,26.76,100
2025-08-25 23:53:08,Mist,26.76,100
2025-08-26 00:41:48,Mist,26.76,100
2025-08-26 02:21:39,Clouds,29.76,84
2025-08-26 03:26:25,Clouds,29.76,74
2025-08-26 03:52:50,Clouds,29.76,74
2025-08-26 04:11:03,Clouds,29.83,76
2025-08-26 04:35:21,Clouds,30.76,66
2025-08-26 04:48:28,Clouds,30.76,66
2025-08-26 04:56:13,Clouds,30.76,66
2025-08-26 05:16:13,Clouds,30.76,66
2025-08-26 05:35:33,Clouds,30.76,66
2025-08-26 05:46:09,Clouds,30.76,66
2025-08-26 05:53:52,Clouds,30.76,66
2025-08-26 06:16:23,Clouds,30.14,62
2025-08-26 06:46:41,Clouds,31.76,62
2025-08-26 06:59:24,Clouds,31.76,62
2025-08-26 07:22:25,Clouds,31.34,62
2025-08-26 07:35:58,Clouds,30.76,70
2025-08-26 07:44:57,Clouds,30.76,70
2025-08-26 07:52:50,Clouds,30.76,70
2025-08-26 08:00:53,Clouds,30.76,70
2025-08-26 08:35:40,Clouds,29.76,74
2025-08-26 08:53:37,Clouds,29.76,74
2025-08-26 09:11:12,Clouds,29.76,74
2025-08-26 09:33:32,Clouds,28.76,79
2025-08-26 09:46:34,Clouds,28.76,79
2025-08-26 09:53:57,Clouds,28.76,79
2025-08-26 10:11:49,Clouds,28.39,76
2025-08-26 10:36:14,Clouds,27.76,94
2025-08-26 10:49:14,Clouds,27.76,94
2025-08-26 10:56:46,Clouds,27.76,94
2025-08-26 11:15:05,Clouds,27.5,83
2025-08-26 11:29:20,Clear,26.76,89
2025-08-26 11:40:01,Clear,26.76,89
2025-08-26 11:47:55,Clear,26.76,89
2025-08-26 11:55:29,Clear,26.76,89
2025-08-26 12:29:41,Clear,25.76,94
2025-08-26 13:08:44,Clear,25.76,94
2025-08-26 13:41:49,Clouds,24.76,100
2025-08-26 13:52:29,Clouds,24.76,100
2025-08-26 14:00:09,Clouds,24.76,100
2025-08-26 14:23:25,Clear,25.78,89
2025-08-26 14:39:33,Clouds,24.76,100
2025-08-26 14:49:19,Clouds,24.76,100
2025-08-26 14:57:19,Clouds,24.76,100
2025-08-26 15:18:55,Clouds,24.76,94
2025-08-26 15:35:13,Clouds,24.76,94
2025-08-26 15:45:25,Clouds,24.76,94
2025-08-26 15:53:14,Clouds,24.76,94
2025-08-26 16:10:35,Clouds,24.76,94
2025-08-26 16:36:29,Clouds,23.76,100
2025-08-26 16:50:51,Clouds,23.76,100
2025-08-26 16:58:48,Clouds,23.76,100
2025-08-26 17:18:44,Clouds,24.25,94
2025-08-26 17:33:34,Clear,22.76,100
2025-08-26 17:43:52,Clear,22.76,100
2025-08-26 17:51:31,Clear,22.76,100
2025-08-26 17:59:03,Clear,22.76,100
2025-08-26 18:30:36,Clear,22.76,100
2025-08-26 18:48:58,Clear,22.76,100
2025-08-26 18:57:08,Clear,22.76,100
2025-08-26 19:13:15,Clouds,24.13,95
2025-08-26 19:24:48,Clear,22.76,100
2025-08-26 19:34:00,Clear,22.76,100
2025-08-26 19:41:36,Clear,22.76,100
2025-08-26 19:49:17,Clear,22.76,100
2025-08-26 19:56:40,Clear,22.76,100
2025-08-26 20:18:06,Clouds,23.57,97
2025-08-26 20:34:08,Clear,21.76,100
2025-08-26 20:44:15,Clear,21.76,100
2025-08-26 20:52:08,Clear,21.76,100
2025-08-26 20:59:46,Clear,21.76,100
2025-08-26 21:20:19,Clouds,23.5,98
2025-08-26 21:30:34,Clear,21.76,100
2025-08-26 21:40:13,Clear,21.76,100
2025-08-26 21:48:15,Clear,21.76,100
2025-08-26 21:56:10,Clear,21.76,100
2025-08-26 22:14:02,Clear,21.76,100
2025-08-26 22:32:33,Clear,23.76,100
2025-08-26 22:43:36,Clear,23.76,100
2025-08-26 22:51:33,Clear,23.76,100
2025-08-26 22:59:04,Clear,23.76,100
2025-08-26 23:18:50,Clouds,24.28,90
2025-08-26 23:30:13,Clouds,25.76,94
2025-08-26 23:40:03,Clouds,25.76,94
2025-08-26 23:47:54,Clouds,25.76,94
2025-08-26 23:55:25,Clouds,25.76,94
2025-08-27 01:02:47,Clouds,27.76,83
2025-08-27 02:37:44,Clouds,29.76,66
2025-08-27 03:24:10,Clouds,30.76,55
2025-08-27 03:46:51,Clouds,30.76,55
2025-08-27 03:56:13,Clouds,30.76,55
2025-08-27 04:18:46,Clouds,30.51,55
2025-08-27 04:38:57,Clouds,31.76,55
2025-08-27 04:49:15,Clouds,31.76,55
2025-08-27 04:56:49,Clouds,31.76,55
2025-08-27 05:16:00,Clouds,31.94,50
2025-08-27 05:32:56,Clear,31.76,51
2025-08-27 05:43:36,Clear,31.76,51
2025-08-27 05:51:23,Clear,31.76,51
2025-08-27 05:58:57,Clear,31.76,51
2025-08-27 06:31:11,Clear,31.76,51
2025-08-27 06:49:48,Clear,31.76,51
2025-08-27 06:57:21,Clear,31.76,51
2025-08-27 07:17:02,Clear,31.76,51
2025-08-27 07:30:00,Clear,30.76,58
2025-08-27 07:39:58,Clear,30.76,58
2025-08-27 07:47:41,Clear,30.76,58
2025-08-27 07:55:00,Clear,30.76,58
2025-08-27 08:16:48,Clouds,31.63,54
2025-08-27 08:40:44,Clear,28.76,65
2025-08-27 08:53:26,Clear,28.76,65
2025-08-27 09:10:12,Clear,28.76,65
2025-08-27 09:30:37,Clouds,27.76,65
2025-08-27 09:42:53,Clouds,27.76,65
2025-08-27 09:50:51,Clouds,27.76,65
2025-08-27 09:58:33,Clouds,27.76,65
2025-08-27 10:20:41,Clear,25.76,78
2025-08-27 10:38:47,Clear,25.76,78
2025-08-27 10:47:46,Clear,25.76,78
2025-08-27 10:55:33,Clear,25.76,78
2025-08-27 11:11:49,Clear,25.76,78
2025-08-27 11:25:37,Clouds,28.05,74
2025-08-27 11:35:00,Clear,25.76,83
2025-08-27 11:42:57,Clear,25.76,83
2025-08-27 11:50:54,Clear,25.76,83
2025-08-27 11:58:44,Clear,25.76,83
2025-08-27 12:42:09,Clear,25.76,89
2025-08-27 13:16:05,Clouds,26.01,80
2025-08-27 13:39:54,Clear,24.76,94
2025-08-27 13:50:02,Clear,24.76,94
2025-08-27 13:58:05,Clear,24.76,94
2025-08-27 14:18:50,Clouds,25.35,80
2025-08-27 14:37:30,Clear,24.76,100
2025-08-27 14:47:59,Clear,24.76,100
2025-08-27 14:55:50,Clear,24.76,100
2025-08-27 15:15:26,Clear,24.76,100
2025-08-27 15:32:55,Clear,24.76,100
2025-08-27 15:44:18,Clear,24.76,100
2025-08-27 15:52:00,Clear,24.76,100
2025-08-27 15:59:28,Clear,24.76,100
2025-08-27 16:28:40,Clear,24.76,100
2025-08-27 16:47:01,Clear,24.76,100
2025-08-27 16:55:50,Clear,24.76,100
2025-08-27 17:12:31,Clouds,24.72,84
2025-08-27 17:29:59,Clear,24.76,100
2025-08-27 17:41:27,Clear,24.76,100
2025-08-27 17:49:31,Clear,24.76,100
2025-08-27 17:56:54,Clear,24.76,100
2025-08-27 18:23:22,Clear,24.76,94
2025-08-27 18:42:59,Clear,24.76,94
2025-08-27 18:52:59,Clear,24.76,94
2025-08-27 19:01:11,Clear,24.76,94
2025-08-27 19:20:41,Clear,24.76,94
2025-08-27 19:28:35,Clear,24.76,94
2025-08-27 19:37:49,Clear,24.76,94
2025-08-27 19:45:46,Clear,24.76,94
2025-08-27 19:53:46,Clear,24.76,94
2025-08-27 20:10:54,Clear,24.76,94
2025-08-27 20:31:11,Clear,24.76,94
2025-08-27 20:43:19,Clear,24.76,94
2025-08-27 20:51:10,Clear,24.76,94
2025-08-27 20:59:06,Clear,24.76,94
2025-08-27 21:19:30,Clouds,24.6,87
2025-08-27 21:30:44,Clear,24.76,94
2025-08-27 21:40:21,Clear,24.76,94
2025-08-27 21:48:17,Clear,24.76,94
2025-08-27 21:56:06,Clear,24.76,94
2025-08-27 22:13:45,Clear,24.76,100
2025-08-27 22:31:44,Clear,24.76,100
2025-08-27 22:42:57,Clear,24.76,100
2025-08-27 22:50:49,Clear,24.76,100
2025-08-27 22:58:43,Clear,24.76,100
2025-08-27 23:18:30,Clear,25.76,89
2025-08-27 23:29:53,Clear,25.76,89
2025-08-27 23:39:21,Clear,25.76,89
2025-08-27 23:47:11,Clear,25.76,89
2025-08-27 23:54:47,Clear,25.76,89
2025-08-28 00:56:07,Clear,28.76,74
2025-08-28 02:23:12,Clouds,29.8,64
2025-08-28 03:13:11,Clouds,30.02,60
2025-08-28 03:43:51,Clouds,30.76,62
2025-08-28 03:54:51,Clouds,30.76,62
2025-08-28 04:14:34,Clouds,30.76,62
2025-08-28 04:35:35,Clouds,30.76,62
2025-08-28 04:47:05,Clouds,30.76,62
2025-08-28 04:54:50,Clouds,30.76,62
2025-08-28 05:12:31,Clouds,30.76,62
2025-08-28 05:31:50,Clouds,29.76,70
2025-08-28 05:43:46,Clouds,29.76,70
2025-08-28 05:51:11,Clouds,29.76,70
2025-08-28 05:58:42,Clouds,29.76,70
2025-08-28 06:31:47,Clouds,30.76,70
2025-08-28 06:51:27,Clouds,30.76,70
2025-08-28 06:58:57,Clouds,30.76,70
